[
    {
        "id": "PL1FWK-sgJ9ek59ylOuaS8Ggjz9oBVM8Hb",
        "name": "VueJS \u0625\u0633\u0623\u0644\u0646\u064a \u0639\u0646",
        "url": "https:\/\/www.youtube.com\/watch?v=TQQVt3CbSCw&list=PL1FWK-sgJ9ek59ylOuaS8Ggjz9oBVM8Hb",
        "description": "",
        "thumbnails": "https:\/\/i.ytimg.com\/vi\/TQQVt3CbSCw\/sddefault.jpg",
        "statistics": {
            "viewCount": 111,
            "likeCount": 11,
            "commentCount": 7,
            "duration": "00:04:18",
            "lessons": 2
        }
    },
    {
        "id": "PL1FWK-sgJ9ekG46JoXV-XdFFlZ7gpCM8o",
        "name": "\u0628\u0631\u0645\u062c\u0629 \u0644\u0639\u0628\u0629 \u0628\u0627\u0633\u062a\u062e\u062f\u0627\u0645 \u062c\u0627\u0641\u0627\u0633\u0643\u0631\u0628\u062a \u0648 VueJs",
        "url": "https:\/\/www.youtube.com\/watch?v=yubmPFzkqFY&list=PL1FWK-sgJ9ekG46JoXV-XdFFlZ7gpCM8o",
        "description": "",
        "thumbnails": "https:\/\/i.ytimg.com\/vi\/yubmPFzkqFY\/sddefault.jpg",
        "statistics": {
            "viewCount": 217,
            "likeCount": 24,
            "commentCount": 8,
            "duration": "00:18:23",
            "lessons": 3
        }
    },
    {
        "id": "PL1FWK-sgJ9emGDv2iWMRyeU_DxxDUmFFY",
        "name": "Javascript testing with Jasmine",
        "url": "https:\/\/www.youtube.com\/watch?v=3OcH0e0qaDA&list=PL1FWK-sgJ9emGDv2iWMRyeU_DxxDUmFFY",
        "description": "",
        "thumbnails": "https:\/\/i.ytimg.com\/vi\/3OcH0e0qaDA\/sddefault.jpg",
        "statistics": {
            "viewCount": 136,
            "likeCount": 11,
            "commentCount": 2,
            "duration": "00:13:44",
            "lessons": 1
        }
    },
    {
        "id": "PL1FWK-sgJ9enqeq7wOSTDhSisy6N3CVly",
        "name": "VueJs - Todo List App \u0628\u0646\u0627\u0621 \u062a\u0637\u0628\u064a\u0642 \u0645\u0647\u0627\u0645 \u0628\u0627\u0633\u062a\u062e\u062f\u0627\u0645",
        "url": "https:\/\/www.youtube.com\/watch?v=b91YLjLNAbw&list=PL1FWK-sgJ9enqeq7wOSTDhSisy6N3CVly",
        "description": "",
        "thumbnails": "https:\/\/i.ytimg.com\/vi\/b91YLjLNAbw\/sddefault.jpg",
        "statistics": {
            "viewCount": 1354,
            "likeCount": 59,
            "commentCount": 13,
            "duration": "01:03:31",
            "lessons": 8
        }
    },
    {
        "id": "PL1FWK-sgJ9eljz7Tm5SSUcCt5sxmwoFlC",
        "name": "VueJs 2 \u0645\u0646 \u0627\u0644\u0635\u0641\u0631 \u0625\u0644\u0649 \u0627\u0644\u0625\u062d\u062a\u0631\u0627\u0641",
        "url": "https:\/\/www.youtube.com\/watch?v=8yT0QIJOKB0&list=PL1FWK-sgJ9eljz7Tm5SSUcCt5sxmwoFlC",
        "description": "",
        "thumbnails": "https:\/\/i.ytimg.com\/vi\/8yT0QIJOKB0\/sddefault.jpg",
        "statistics": {
            "viewCount": 16745,
            "likeCount": 643,
            "commentCount": 96,
            "duration": "06:31:10",
            "lessons": 66
        }
    },
    {
        "id": "PL1FWK-sgJ9em3MRMoPF0-vdxwcMDc4Vvu",
        "name": "Codeigniter general model",
        "url": "https:\/\/www.youtube.com\/watch?v=Bn61tqF6sHI&list=PL1FWK-sgJ9em3MRMoPF0-vdxwcMDc4Vvu",
        "description": "",
        "thumbnails": "https:\/\/i.ytimg.com\/vi\/Bn61tqF6sHI\/sddefault.jpg",
        "statistics": {
            "viewCount": 143,
            "likeCount": 10,
            "commentCount": 2,
            "duration": "00:32:02",
            "lessons": 3
        }
    },
    {
        "id": "PL1FWK-sgJ9enFG__0JAMs0emaWn0lbtZM",
        "name": "PHP + JSON",
        "url": "https:\/\/www.youtube.com\/watch?v=8f5tROdlfUM&list=PL1FWK-sgJ9enFG__0JAMs0emaWn0lbtZM",
        "description": "",
        "thumbnails": "https:\/\/i.ytimg.com\/vi\/8f5tROdlfUM\/sddefault.jpg",
        "statistics": {
            "viewCount": 137,
            "likeCount": 9,
            "commentCount": 0,
            "duration": "00:16:57",
            "lessons": 2
        }
    },
    {
        "id": "PL1FWK-sgJ9emtkZw2ePP-9_8MCF2Kp53n",
        "name": "PHP",
        "url": "https:\/\/www.youtube.com\/watch?v=thsEWWc5J0s&list=PL1FWK-sgJ9emtkZw2ePP-9_8MCF2Kp53n",
        "description": "",
        "thumbnails": "https:\/\/i.ytimg.com\/vi\/thsEWWc5J0s\/sddefault.jpg",
        "statistics": {
            "viewCount": 38,
            "likeCount": 4,
            "commentCount": 0,
            "duration": "00:02:41",
            "lessons": 1
        }
    },
    {
        "id": "PL1FWK-sgJ9ek3cqCiDFeSBx0ip3EYs9GF",
        "name": "\u0648\u0631\u062f\u0628\u0631\u0633 Wordpress",
        "url": "https:\/\/www.youtube.com\/watch?v=Nsjexs2I3L8&list=PL1FWK-sgJ9ek3cqCiDFeSBx0ip3EYs9GF",
        "description": "",
        "thumbnails": "https:\/\/i.ytimg.com\/vi\/Nsjexs2I3L8\/sddefault.jpg",
        "statistics": {
            "viewCount": 39,
            "likeCount": 5,
            "commentCount": 0,
            "duration": "00:10:04",
            "lessons": 1
        }
    },
    {
        "id": "PL1FWK-sgJ9emLh3TTEkdbnaIg2MhUj89m",
        "name": "Codeigniter \u0645\u062a\u0642\u062f\u0645",
        "url": "https:\/\/www.youtube.com\/watch?v=6O4wDdJXlQw&list=PL1FWK-sgJ9emLh3TTEkdbnaIg2MhUj89m",
        "description": "",
        "thumbnails": "https:\/\/i.ytimg.com\/vi\/6O4wDdJXlQw\/sddefault.jpg",
        "statistics": {
            "viewCount": 410,
            "likeCount": 5,
            "commentCount": 5,
            "duration": "00:05:34",
            "lessons": 1
        }
    },
    {
        "id": "PL1FWK-sgJ9elQBDq5EtQ8AJFTlfqCJfEX",
        "name": "Git GitHub & Bitbucket",
        "url": "https:\/\/www.youtube.com\/watch?v=uqIgO8RkHl8&list=PL1FWK-sgJ9elQBDq5EtQ8AJFTlfqCJfEX",
        "description": "\u062f\u0648\u0631\u0629 \u062a\u0639\u0644\u064a\u0645 \u0627\u0644\u062c\u064a\u062a \u0628\u0627\u0644\u0644\u063a\u0629 \u0627\u0644\u0639\u0631\u0628\u064a\u0629 \u0645\u0646 \u0627\u0644\u0635\u0641\u0631 \u0627\u0644\u0649 \u0627\u0644\u0627\u062d\u062a\u0631\u0627\u0641",
        "thumbnails": "https:\/\/i.ytimg.com\/vi\/uqIgO8RkHl8\/sddefault.jpg",
        "statistics": {
            "viewCount": 3447,
            "likeCount": 172,
            "commentCount": 16,
            "duration": "01:29:04",
            "lessons": 18
        }
    },
    {
        "id": "PL1FWK-sgJ9elU-BXpeFUtd7LPzanZQlKJ",
        "name": "Laravel Framework 4 [old]",
        "url": "https:\/\/www.youtube.com\/watch?v=XTCLzpxLtoM&list=PL1FWK-sgJ9elU-BXpeFUtd7LPzanZQlKJ",
        "description": "",
        "thumbnails": "https:\/\/i.ytimg.com\/vi\/XTCLzpxLtoM\/sddefault.jpg",
        "statistics": {
            "viewCount": 857,
            "likeCount": 5,
            "commentCount": 4,
            "duration": "00:03:24",
            "lessons": 1
        }
    },
    {
        "id": "PL1FWK-sgJ9eloLoezkPB32hEjIo2e-z2j",
        "name": "CodeIgniter \u0625\u0633\u0623\u0644\u0646\u064a \u0639\u0646",
        "url": "https:\/\/www.youtube.com\/watch?v=tGJEVdGWqUg&list=PL1FWK-sgJ9eloLoezkPB32hEjIo2e-z2j",
        "description": "",
        "thumbnails": "https:\/\/i.ytimg.com\/vi\/Sv2rgblSEVw\/sddefault.jpg",
        "statistics": {
            "viewCount": 804,
            "likeCount": 9,
            "commentCount": 4,
            "duration": "00:16:08",
            "lessons": 3
        }
    },
    {
        "id": "PL1FWK-sgJ9ekyJtxQ4vUUb5Fcm2xBM6QF",
        "name": "\u0628\u0646\u0627\u0621 \u062a\u0637\u0628\u064a\u0642 \u0643\u0627\u0645\u0644 \u0628\u0625\u0633\u062a\u062e\u062f\u0627\u0645 CodeIgniter",
        "url": "https:\/\/www.youtube.com\/watch?v=L0CItIbqePc&list=PL1FWK-sgJ9ekyJtxQ4vUUb5Fcm2xBM6QF",
        "description": "",
        "thumbnails": "https:\/\/i.ytimg.com\/vi\/L0CItIbqePc\/sddefault.jpg",
        "statistics": {
            "viewCount": 13096,
            "likeCount": 76,
            "commentCount": 40,
            "duration": "01:31:43",
            "lessons": 9
        }
    },
    {
        "id": "PL2B22DA6B756F6076",
        "name": "\u062f\u0648\u0631\u0629 \u0643\u0648\u062f \u0625\u062c\u0646\u0627\u062a\u0631 CodeIgniter Framework",
        "url": "https:\/\/www.youtube.com\/watch?v=0ZmF5XWlr70&list=PL2B22DA6B756F6076",
        "description": "",
        "thumbnails": "https:\/\/i.ytimg.com\/vi\/0ZmF5XWlr70\/sddefault.jpg",
        "statistics": {
            "viewCount": 163913,
            "likeCount": 899,
            "commentCount": 109,
            "duration": "04:38:37",
            "lessons": 50
        }
    }
]